{
  "fio version" : "fio-3.33",
  "timestamp" : 1706782529,
  "timestamp_ms" : 1706782529850,
  "time" : "Thu Feb  1 17:15:29 2024",
  "jobs" : [
    {
      "jobname" : "fio_test",
      "groupid" : 0,
      "error" : 0,
      "eta" : 0,
      "elapsed" : 31,
      "job options" : {
        "name" : "fio_test",
        "filename" : "fio_testfile",
        "size" : "10G",
        "runtime" : "30s",
        "ioengine" : "libaio",
        "rw" : "randread",
        "bs" : "4k",
        "numjobs" : "1",
        "iodepth" : "1",
        "randrepeat" : "0"
      },
      "read" : {
        "io_bytes" : 2594533376,
        "io_kbytes" : 2533724,
        "bw_bytes" : 86481563,
        "bw" : 84454,
        "iops" : 21113.662878,
        "runtime" : 30001,
        "total_ios" : 633431,
        "short_ios" : 0,
        "drop_ios" : 0,
        "slat_ns" : {
          "min" : 870,
          "max" : 4241640,
          "mean" : 44401.344993,
          "stddev" : 89673.211415,
          "N" : 633431
        },
        "clat_ns" : {
          "min" : 340,
          "max" : 23210,
          "mean" : 471.057866,
          "stddev" : 97.656184,
          "N" : 633431,
          "percentile" : {
            "1.000000" : 362,
            "5.000000" : 370,
            "10.000000" : 382,
            "20.000000" : 462,
            "30.000000" : 462,
            "40.000000" : 470,
            "50.000000" : 482,
            "60.000000" : 482,
            "70.000000" : 490,
            "80.000000" : 490,
            "90.000000" : 502,
            "95.000000" : 510,
            "99.000000" : 580,
            "99.500000" : 580,
            "99.900000" : 964,
            "99.950000" : 1176,
            "99.990000" : 1960
          }
        },
        "lat_ns" : {
          "min" : 1250,
          "max" : 4242460,
          "mean" : 44872.402858,
          "stddev" : 89680.582230,
          "N" : 633431
        },
        "bw_min" : 3544,
        "bw_max" : 105776,
        "bw_agg" : 100.000000,
        "bw_mean" : 87049.964912,
        "bw_dev" : 16384.310564,
        "bw_samples" : 57,
        "iops_min" : 886,
        "iops_max" : 26444,
        "iops_mean" : 21762.491228,
        "iops_stddev" : 4096.163750,
        "iops_samples" : 57
      },
      "write" : {
        "io_bytes" : 0,
        "io_kbytes" : 0,
        "bw_bytes" : 0,
        "bw" : 0,
        "iops" : 0.000000,
        "runtime" : 0,
        "total_ios" : 0,
        "short_ios" : 0,
        "drop_ios" : 0,
        "slat_ns" : {
          "min" : 0,
          "max" : 0,
          "mean" : 0.000000,
          "stddev" : 0.000000,
          "N" : 0
        },
        "clat_ns" : {
          "min" : 0,
          "max" : 0,
          "mean" : 0.000000,
          "stddev" : 0.000000,
          "N" : 0
        },
        "lat_ns" : {
          "min" : 0,
          "max" : 0,
          "mean" : 0.000000,
          "stddev" : 0.000000,
          "N" : 0
        },
        "bw_min" : 0,
        "bw_max" : 0,
        "bw_agg" : 0.000000,
        "bw_mean" : 0.000000,
        "bw_dev" : 0.000000,
        "bw_samples" : 0,
        "iops_min" : 0,
        "iops_max" : 0,
        "iops_mean" : 0.000000,
        "iops_stddev" : 0.000000,
        "iops_samples" : 0
      },
      "trim" : {
        "io_bytes" : 0,
        "io_kbytes" : 0,
        "bw_bytes" : 0,
        "bw" : 0,
        "iops" : 0.000000,
        "runtime" : 0,
        "total_ios" : 0,
        "short_ios" : 0,
        "drop_ios" : 0,
        "slat_ns" : {
          "min" : 0,
          "max" : 0,
          "mean" : 0.000000,
          "stddev" : 0.000000,
          "N" : 0
        },
        "clat_ns" : {
          "min" : 0,
          "max" : 0,
          "mean" : 0.000000,
          "stddev" : 0.000000,
          "N" : 0
        },
        "lat_ns" : {
          "min" : 0,
          "max" : 0,
          "mean" : 0.000000,
          "stddev" : 0.000000,
          "N" : 0
        },
        "bw_min" : 0,
        "bw_max" : 0,
        "bw_agg" : 0.000000,
        "bw_mean" : 0.000000,
        "bw_dev" : 0.000000,
        "bw_samples" : 0,
        "iops_min" : 0,
        "iops_max" : 0,
        "iops_mean" : 0.000000,
        "iops_stddev" : 0.000000,
        "iops_samples" : 0
      },
      "sync" : {
        "total_ios" : 0,
        "lat_ns" : {
          "min" : 0,
          "max" : 0,
          "mean" : 0.000000,
          "stddev" : 0.000000,
          "N" : 0
        }
      },
      "job_runtime" : 30000,
      "usr_cpu" : 1.600000,
      "sys_cpu" : 18.500000,
      "ctx" : 562849,
      "majf" : 0,
      "minf" : 11,
      "iodepth_level" : {
        "1" : 100.000000,
        "2" : 0.000000,
        "4" : 0.000000,
        "8" : 0.000000,
        "16" : 0.000000,
        "32" : 0.000000,
        ">=64" : 0.000000
      },
      "iodepth_submit" : {
        "0" : 0.000000,
        "4" : 100.000000,
        "8" : 0.000000,
        "16" : 0.000000,
        "32" : 0.000000,
        "64" : 0.000000,
        ">=64" : 0.000000
      },
      "iodepth_complete" : {
        "0" : 0.000000,
        "4" : 100.000000,
        "8" : 0.000000,
        "16" : 0.000000,
        "32" : 0.000000,
        "64" : 0.000000,
        ">=64" : 0.000000
      },
      "latency_ns" : {
        "2" : 0.000000,
        "4" : 0.000000,
        "10" : 0.000000,
        "20" : 0.000000,
        "50" : 0.000000,
        "100" : 0.000000,
        "250" : 0.000000,
        "500" : 87.140667,
        "750" : 12.686780,
        "1000" : 0.082724
      },
      "latency_us" : {
        "2" : 0.080040,
        "4" : 0.010000,
        "10" : 0.010000,
        "20" : 0.010000,
        "50" : 0.010000,
        "100" : 0.000000,
        "250" : 0.000000,
        "500" : 0.000000,
        "750" : 0.000000,
        "1000" : 0.000000
      },
      "latency_ms" : {
        "2" : 0.000000,
        "4" : 0.000000,
        "10" : 0.000000,
        "20" : 0.000000,
        "50" : 0.000000,
        "100" : 0.000000,
        "250" : 0.000000,
        "500" : 0.000000,
        "750" : 0.000000,
        "1000" : 0.000000,
        "2000" : 0.000000,
        ">=2000" : 0.000000
      },
      "latency_depth" : 1,
      "latency_target" : 0,
      "latency_percentile" : 100.000000,
      "latency_window" : 0
    }
  ],
  "disk_util" : [
    {
      "name" : "nvme0n1",
      "read_ios" : 560720,
      "write_ios" : 1,
      "read_merges" : 0,
      "write_merges" : 0,
      "read_ticks" : 24271,
      "write_ticks" : 0,
      "in_queue" : 24271,
      "util" : 95.022172
    }
  ]
}
