{
  "fio version" : "fio-3.33",
  "timestamp" : 1706794965,
  "timestamp_ms" : 1706794965024,
  "time" : "Thu Feb  1 20:42:45 2024",
  "jobs" : [
    {
      "jobname" : "fio_test",
      "groupid" : 0,
      "error" : 0,
      "eta" : 0,
      "elapsed" : 31,
      "job options" : {
        "name" : "fio_test",
        "filename" : "fio_testfile",
        "size" : "10G",
        "runtime" : "30s",
        "ioengine" : "libaio",
        "rw" : "randread",
        "bs" : "4k",
        "numjobs" : "1",
        "iodepth" : "1",
        "randrepeat" : "0"
      },
      "read" : {
        "io_bytes" : 24235380736,
        "io_kbytes" : 23667364,
        "bw_bytes" : 807819097,
        "bw" : 788885,
        "iops" : 197221.459285,
        "runtime" : 30001,
        "total_ios" : 5916841,
        "short_ios" : 0,
        "drop_ios" : 0,
        "slat_ns" : {
          "min" : 4270,
          "max" : 341841,
          "mean" : 4561.688958,
          "stddev" : 408.104733,
          "N" : 5916841
        },
        "clat_ns" : {
          "min" : 340,
          "max" : 333261,
          "mean" : 375.496032,
          "stddev" : 201.450656,
          "N" : 5916841,
          "percentile" : {
            "1.000000" : 350,
            "5.000000" : 362,
            "10.000000" : 362,
            "20.000000" : 362,
            "30.000000" : 370,
            "40.000000" : 370,
            "50.000000" : 370,
            "60.000000" : 382,
            "70.000000" : 382,
            "80.000000" : 390,
            "90.000000" : 390,
            "95.000000" : 402,
            "99.000000" : 410,
            "99.500000" : 410,
            "99.900000" : 502,
            "99.950000" : 732,
            "99.990000" : 972
          }
        },
        "lat_ns" : {
          "min" : 4630,
          "max" : 342251,
          "mean" : 4937.184990,
          "stddev" : 461.658323,
          "N" : 5916841
        },
        "bw_min" : 731600,
        "bw_max" : 823688,
        "bw_agg" : 100.000000,
        "bw_mean" : 789967.186441,
        "bw_dev" : 28587.636071,
        "bw_samples" : 59,
        "iops_min" : 182900,
        "iops_max" : 205922,
        "iops_mean" : 197491.830508,
        "iops_stddev" : 7146.916878,
        "iops_samples" : 59
      },
      "write" : {
        "io_bytes" : 0,
        "io_kbytes" : 0,
        "bw_bytes" : 0,
        "bw" : 0,
        "iops" : 0.000000,
        "runtime" : 0,
        "total_ios" : 0,
        "short_ios" : 0,
        "drop_ios" : 0,
        "slat_ns" : {
          "min" : 0,
          "max" : 0,
          "mean" : 0.000000,
          "stddev" : 0.000000,
          "N" : 0
        },
        "clat_ns" : {
          "min" : 0,
          "max" : 0,
          "mean" : 0.000000,
          "stddev" : 0.000000,
          "N" : 0
        },
        "lat_ns" : {
          "min" : 0,
          "max" : 0,
          "mean" : 0.000000,
          "stddev" : 0.000000,
          "N" : 0
        },
        "bw_min" : 0,
        "bw_max" : 0,
        "bw_agg" : 0.000000,
        "bw_mean" : 0.000000,
        "bw_dev" : 0.000000,
        "bw_samples" : 0,
        "iops_min" : 0,
        "iops_max" : 0,
        "iops_mean" : 0.000000,
        "iops_stddev" : 0.000000,
        "iops_samples" : 0
      },
      "trim" : {
        "io_bytes" : 0,
        "io_kbytes" : 0,
        "bw_bytes" : 0,
        "bw" : 0,
        "iops" : 0.000000,
        "runtime" : 0,
        "total_ios" : 0,
        "short_ios" : 0,
        "drop_ios" : 0,
        "slat_ns" : {
          "min" : 0,
          "max" : 0,
          "mean" : 0.000000,
          "stddev" : 0.000000,
          "N" : 0
        },
        "clat_ns" : {
          "min" : 0,
          "max" : 0,
          "mean" : 0.000000,
          "stddev" : 0.000000,
          "N" : 0
        },
        "lat_ns" : {
          "min" : 0,
          "max" : 0,
          "mean" : 0.000000,
          "stddev" : 0.000000,
          "N" : 0
        },
        "bw_min" : 0,
        "bw_max" : 0,
        "bw_agg" : 0.000000,
        "bw_mean" : 0.000000,
        "bw_dev" : 0.000000,
        "bw_samples" : 0,
        "iops_min" : 0,
        "iops_max" : 0,
        "iops_mean" : 0.000000,
        "iops_stddev" : 0.000000,
        "iops_samples" : 0
      },
      "sync" : {
        "total_ios" : 0,
        "lat_ns" : {
          "min" : 0,
          "max" : 0,
          "mean" : 0.000000,
          "stddev" : 0.000000,
          "N" : 0
        }
      },
      "job_runtime" : 30000,
      "usr_cpu" : 8.903333,
      "sys_cpu" : 91.076667,
      "ctx" : 112,
      "majf" : 0,
      "minf" : 10,
      "iodepth_level" : {
        "1" : 100.000000,
        "2" : 0.000000,
        "4" : 0.000000,
        "8" : 0.000000,
        "16" : 0.000000,
        "32" : 0.000000,
        ">=64" : 0.000000
      },
      "iodepth_submit" : {
        "0" : 0.000000,
        "4" : 100.000000,
        "8" : 0.000000,
        "16" : 0.000000,
        "32" : 0.000000,
        "64" : 0.000000,
        ">=64" : 0.000000
      },
      "iodepth_complete" : {
        "0" : 0.000000,
        "4" : 100.000000,
        "8" : 0.000000,
        "16" : 0.000000,
        "32" : 0.000000,
        "64" : 0.000000,
        ">=64" : 0.000000
      },
      "latency_ns" : {
        "2" : 0.000000,
        "4" : 0.000000,
        "10" : 0.000000,
        "20" : 0.000000,
        "50" : 0.000000,
        "100" : 0.000000,
        "250" : 0.000000,
        "500" : 99.890229,
        "750" : 0.063987,
        "1000" : 0.035813
      },
      "latency_us" : {
        "2" : 0.010000,
        "4" : 0.010000,
        "10" : 0.010000,
        "20" : 0.010000,
        "50" : 0.010000,
        "100" : 0.000000,
        "250" : 0.000000,
        "500" : 0.010000,
        "750" : 0.000000,
        "1000" : 0.000000
      },
      "latency_ms" : {
        "2" : 0.000000,
        "4" : 0.000000,
        "10" : 0.000000,
        "20" : 0.000000,
        "50" : 0.000000,
        "100" : 0.000000,
        "250" : 0.000000,
        "500" : 0.000000,
        "750" : 0.000000,
        "1000" : 0.000000,
        "2000" : 0.000000,
        ">=2000" : 0.000000
      },
      "latency_depth" : 1,
      "latency_target" : 0,
      "latency_percentile" : 100.000000,
      "latency_window" : 0
    }
  ]
}
