{
  "fio version" : "fio-3.33",
  "timestamp" : 1707105899,
  "timestamp_ms" : 1707105899620,
  "time" : "Mon Feb  5 11:04:59 2024",
  "jobs" : [
    {
      "jobname" : "fio_test",
      "groupid" : 0,
      "error" : 0,
      "eta" : 0,
      "elapsed" : 31,
      "job options" : {
        "name" : "fio_test",
        "filename" : "fio_testfile",
        "size" : "10G",
        "runtime" : "30s",
        "ioengine" : "libaio",
        "rw" : "randread",
        "bs" : "4k",
        "numjobs" : "1",
        "iodepth" : "1",
        "randrepeat" : "0"
      },
      "read" : {
        "io_bytes" : 60665143296,
        "io_kbytes" : 59243304,
        "bw_bytes" : 2022104039,
        "bw" : 1974710,
        "iops" : 493677.744075,
        "runtime" : 30001,
        "total_ios" : 14810826,
        "short_ios" : 0,
        "drop_ios" : 0,
        "slat_ns" : {
          "min" : 800,
          "max" : 550472,
          "mean" : 1442.070205,
          "stddev" : 565.805805,
          "N" : 14810826
        },
        "clat_ns" : {
          "min" : 330,
          "max" : 216981,
          "mean" : 364.484318,
          "stddev" : 94.472302,
          "N" : 14810826,
          "percentile" : {
            "1.000000" : 350,
            "5.000000" : 350,
            "10.000000" : 350,
            "20.000000" : 350,
            "30.000000" : 362,
            "40.000000" : 362,
            "50.000000" : 362,
            "60.000000" : 362,
            "70.000000" : 370,
            "80.000000" : 370,
            "90.000000" : 382,
            "95.000000" : 382,
            "99.000000" : 390,
            "99.500000" : 430,
            "99.900000" : 660,
            "99.950000" : 732,
            "99.990000" : 1004
          }
        },
        "lat_ns" : {
          "min" : 1160,
          "max" : 551812,
          "mean" : 1806.554523,
          "stddev" : 579.967218,
          "N" : 14810826
        },
        "bw_min" : 790480,
        "bw_max" : 2346616,
        "bw_agg" : 100.000000,
        "bw_mean" : 2038771.649123,
        "bw_dev" : 335129.712331,
        "bw_samples" : 57,
        "iops_min" : 197620,
        "iops_max" : 586654,
        "iops_mean" : 509693.052632,
        "iops_stddev" : 83782.396689,
        "iops_samples" : 57
      },
      "write" : {
        "io_bytes" : 0,
        "io_kbytes" : 0,
        "bw_bytes" : 0,
        "bw" : 0,
        "iops" : 0.000000,
        "runtime" : 0,
        "total_ios" : 0,
        "short_ios" : 0,
        "drop_ios" : 0,
        "slat_ns" : {
          "min" : 0,
          "max" : 0,
          "mean" : 0.000000,
          "stddev" : 0.000000,
          "N" : 0
        },
        "clat_ns" : {
          "min" : 0,
          "max" : 0,
          "mean" : 0.000000,
          "stddev" : 0.000000,
          "N" : 0
        },
        "lat_ns" : {
          "min" : 0,
          "max" : 0,
          "mean" : 0.000000,
          "stddev" : 0.000000,
          "N" : 0
        },
        "bw_min" : 0,
        "bw_max" : 0,
        "bw_agg" : 0.000000,
        "bw_mean" : 0.000000,
        "bw_dev" : 0.000000,
        "bw_samples" : 0,
        "iops_min" : 0,
        "iops_max" : 0,
        "iops_mean" : 0.000000,
        "iops_stddev" : 0.000000,
        "iops_samples" : 0
      },
      "trim" : {
        "io_bytes" : 0,
        "io_kbytes" : 0,
        "bw_bytes" : 0,
        "bw" : 0,
        "iops" : 0.000000,
        "runtime" : 0,
        "total_ios" : 0,
        "short_ios" : 0,
        "drop_ios" : 0,
        "slat_ns" : {
          "min" : 0,
          "max" : 0,
          "mean" : 0.000000,
          "stddev" : 0.000000,
          "N" : 0
        },
        "clat_ns" : {
          "min" : 0,
          "max" : 0,
          "mean" : 0.000000,
          "stddev" : 0.000000,
          "N" : 0
        },
        "lat_ns" : {
          "min" : 0,
          "max" : 0,
          "mean" : 0.000000,
          "stddev" : 0.000000,
          "N" : 0
        },
        "bw_min" : 0,
        "bw_max" : 0,
        "bw_agg" : 0.000000,
        "bw_mean" : 0.000000,
        "bw_dev" : 0.000000,
        "bw_samples" : 0,
        "iops_min" : 0,
        "iops_max" : 0,
        "iops_mean" : 0.000000,
        "iops_stddev" : 0.000000,
        "iops_samples" : 0
      },
      "sync" : {
        "total_ios" : 0,
        "lat_ns" : {
          "min" : 0,
          "max" : 0,
          "mean" : 0.000000,
          "stddev" : 0.000000,
          "N" : 0
        }
      },
      "job_runtime" : 30000,
      "usr_cpu" : 18.533333,
      "sys_cpu" : 81.406667,
      "ctx" : 253,
      "majf" : 0,
      "minf" : 12,
      "iodepth_level" : {
        "1" : 100.000000,
        "2" : 0.000000,
        "4" : 0.000000,
        "8" : 0.000000,
        "16" : 0.000000,
        "32" : 0.000000,
        ">=64" : 0.000000
      },
      "iodepth_submit" : {
        "0" : 0.000000,
        "4" : 100.000000,
        "8" : 0.000000,
        "16" : 0.000000,
        "32" : 0.000000,
        "64" : 0.000000,
        ">=64" : 0.000000
      },
      "iodepth_complete" : {
        "0" : 0.000000,
        "4" : 100.000000,
        "8" : 0.000000,
        "16" : 0.000000,
        "32" : 0.000000,
        "64" : 0.000000,
        ">=64" : 0.000000
      },
      "latency_ns" : {
        "2" : 0.000000,
        "4" : 0.000000,
        "10" : 0.000000,
        "20" : 0.000000,
        "50" : 0.000000,
        "100" : 0.000000,
        "250" : 0.000000,
        "500" : 99.792442,
        "750" : 0.179895,
        "1000" : 0.017595
      },
      "latency_us" : {
        "2" : 0.010000,
        "4" : 0.010000,
        "10" : 0.010000,
        "20" : 0.010000,
        "50" : 0.010000,
        "100" : 0.000000,
        "250" : 0.010000,
        "500" : 0.000000,
        "750" : 0.000000,
        "1000" : 0.000000
      },
      "latency_ms" : {
        "2" : 0.000000,
        "4" : 0.000000,
        "10" : 0.000000,
        "20" : 0.000000,
        "50" : 0.000000,
        "100" : 0.000000,
        "250" : 0.000000,
        "500" : 0.000000,
        "750" : 0.000000,
        "1000" : 0.000000,
        "2000" : 0.000000,
        ">=2000" : 0.000000
      },
      "latency_depth" : 1,
      "latency_target" : 0,
      "latency_percentile" : 100.000000,
      "latency_window" : 0
    }
  ],
  "disk_util" : [
    {
      "name" : "nvme4n1",
      "read_ios" : 1716,
      "write_ios" : 3898,
      "read_merges" : 0,
      "write_merges" : 430,
      "read_ticks" : 470,
      "write_ticks" : 5704,
      "in_queue" : 7247,
      "util" : 9.620709
    }
  ]
}
