{
  "fio version" : "fio-3.33",
  "timestamp" : 1706798437,
  "timestamp_ms" : 1706798437778,
  "time" : "Thu Feb  1 21:40:37 2024",
  "jobs" : [
    {
      "jobname" : "fio_test",
      "groupid" : 0,
      "error" : 0,
      "eta" : 0,
      "elapsed" : 31,
      "job options" : {
        "name" : "fio_test",
        "filename" : "fio_testfile",
        "size" : "10G",
        "runtime" : "30s",
        "ioengine" : "libaio",
        "rw" : "randread",
        "bs" : "4k",
        "numjobs" : "1",
        "iodepth" : "1",
        "randrepeat" : "0"
      },
      "read" : {
        "io_bytes" : 58305507328,
        "io_kbytes" : 56938972,
        "bw_bytes" : 1943452129,
        "bw" : 1897902,
        "iops" : 474475.617479,
        "runtime" : 30001,
        "total_ios" : 14234743,
        "short_ios" : 0,
        "drop_ios" : 0,
        "slat_ns" : {
          "min" : 850,
          "max" : 365080,
          "mean" : 1530.957129,
          "stddev" : 657.868917,
          "N" : 14234743
        },
        "clat_ns" : {
          "min" : 330,
          "max" : 48140,
          "mean" : 359.592453,
          "stddev" : 65.344772,
          "N" : 14234743,
          "percentile" : {
            "1.000000" : 342,
            "5.000000" : 350,
            "10.000000" : 350,
            "20.000000" : 350,
            "30.000000" : 350,
            "40.000000" : 350,
            "50.000000" : 362,
            "60.000000" : 362,
            "70.000000" : 362,
            "80.000000" : 370,
            "90.000000" : 370,
            "95.000000" : 382,
            "99.000000" : 390,
            "99.500000" : 390,
            "99.900000" : 700,
            "99.950000" : 724,
            "99.990000" : 788
          }
        },
        "lat_ns" : {
          "min" : 1200,
          "max" : 365640,
          "mean" : 1890.549583,
          "stddev" : 667.788781,
          "N" : 14234743
        },
        "bw_min" : 928920,
        "bw_max" : 2316296,
        "bw_agg" : 100.000000,
        "bw_mean" : 1957696.421053,
        "bw_dev" : 332096.779813,
        "bw_samples" : 57,
        "iops_min" : 232230,
        "iops_max" : 579074,
        "iops_mean" : 489424.140351,
        "iops_stddev" : 83024.170253,
        "iops_samples" : 57
      },
      "write" : {
        "io_bytes" : 0,
        "io_kbytes" : 0,
        "bw_bytes" : 0,
        "bw" : 0,
        "iops" : 0.000000,
        "runtime" : 0,
        "total_ios" : 0,
        "short_ios" : 0,
        "drop_ios" : 0,
        "slat_ns" : {
          "min" : 0,
          "max" : 0,
          "mean" : 0.000000,
          "stddev" : 0.000000,
          "N" : 0
        },
        "clat_ns" : {
          "min" : 0,
          "max" : 0,
          "mean" : 0.000000,
          "stddev" : 0.000000,
          "N" : 0
        },
        "lat_ns" : {
          "min" : 0,
          "max" : 0,
          "mean" : 0.000000,
          "stddev" : 0.000000,
          "N" : 0
        },
        "bw_min" : 0,
        "bw_max" : 0,
        "bw_agg" : 0.000000,
        "bw_mean" : 0.000000,
        "bw_dev" : 0.000000,
        "bw_samples" : 0,
        "iops_min" : 0,
        "iops_max" : 0,
        "iops_mean" : 0.000000,
        "iops_stddev" : 0.000000,
        "iops_samples" : 0
      },
      "trim" : {
        "io_bytes" : 0,
        "io_kbytes" : 0,
        "bw_bytes" : 0,
        "bw" : 0,
        "iops" : 0.000000,
        "runtime" : 0,
        "total_ios" : 0,
        "short_ios" : 0,
        "drop_ios" : 0,
        "slat_ns" : {
          "min" : 0,
          "max" : 0,
          "mean" : 0.000000,
          "stddev" : 0.000000,
          "N" : 0
        },
        "clat_ns" : {
          "min" : 0,
          "max" : 0,
          "mean" : 0.000000,
          "stddev" : 0.000000,
          "N" : 0
        },
        "lat_ns" : {
          "min" : 0,
          "max" : 0,
          "mean" : 0.000000,
          "stddev" : 0.000000,
          "N" : 0
        },
        "bw_min" : 0,
        "bw_max" : 0,
        "bw_agg" : 0.000000,
        "bw_mean" : 0.000000,
        "bw_dev" : 0.000000,
        "bw_samples" : 0,
        "iops_min" : 0,
        "iops_max" : 0,
        "iops_mean" : 0.000000,
        "iops_stddev" : 0.000000,
        "iops_samples" : 0
      },
      "sync" : {
        "total_ios" : 0,
        "lat_ns" : {
          "min" : 0,
          "max" : 0,
          "mean" : 0.000000,
          "stddev" : 0.000000,
          "N" : 0
        }
      },
      "job_runtime" : 30000,
      "usr_cpu" : 17.576667,
      "sys_cpu" : 82.366667,
      "ctx" : 177,
      "majf" : 0,
      "minf" : 11,
      "iodepth_level" : {
        "1" : 100.000000,
        "2" : 0.000000,
        "4" : 0.000000,
        "8" : 0.000000,
        "16" : 0.000000,
        "32" : 0.000000,
        ">=64" : 0.000000
      },
      "iodepth_submit" : {
        "0" : 0.000000,
        "4" : 100.000000,
        "8" : 0.000000,
        "16" : 0.000000,
        "32" : 0.000000,
        "64" : 0.000000,
        ">=64" : 0.000000
      },
      "iodepth_complete" : {
        "0" : 0.000000,
        "4" : 100.000000,
        "8" : 0.000000,
        "16" : 0.000000,
        "32" : 0.000000,
        "64" : 0.000000,
        ">=64" : 0.000000
      },
      "latency_ns" : {
        "2" : 0.000000,
        "4" : 0.000000,
        "10" : 0.000000,
        "20" : 0.000000,
        "50" : 0.000000,
        "100" : 0.000000,
        "250" : 0.000000,
        "500" : 99.861831,
        "750" : 0.117628,
        "1000" : 0.011535
      },
      "latency_us" : {
        "2" : 0.010000,
        "4" : 0.010000,
        "10" : 0.010000,
        "20" : 0.010000,
        "50" : 0.010000,
        "100" : 0.000000,
        "250" : 0.000000,
        "500" : 0.000000,
        "750" : 0.000000,
        "1000" : 0.000000
      },
      "latency_ms" : {
        "2" : 0.000000,
        "4" : 0.000000,
        "10" : 0.000000,
        "20" : 0.000000,
        "50" : 0.000000,
        "100" : 0.000000,
        "250" : 0.000000,
        "500" : 0.000000,
        "750" : 0.000000,
        "1000" : 0.000000,
        "2000" : 0.000000,
        ">=2000" : 0.000000
      },
      "latency_depth" : 1,
      "latency_target" : 0,
      "latency_percentile" : 100.000000,
      "latency_window" : 0
    }
  ],
  "disk_util" : [
    {
      "name" : "nvme0n1",
      "read_ios" : 120,
      "write_ios" : 1,
      "read_merges" : 0,
      "write_merges" : 0,
      "read_ticks" : 29,
      "write_ticks" : 5,
      "in_queue" : 35,
      "util" : 0.426780
    }
  ]
}
