{
  "fio version" : "fio-3.33",
  "timestamp" : 1706798157,
  "timestamp_ms" : 1706798157888,
  "time" : "Thu Feb  1 21:35:57 2024",
  "jobs" : [
    {
      "jobname" : "fio_test",
      "groupid" : 0,
      "error" : 0,
      "eta" : 0,
      "elapsed" : 31,
      "job options" : {
        "name" : "fio_test",
        "filename" : "fio_testfile",
        "size" : "10G",
        "runtime" : "30s",
        "ioengine" : "libaio",
        "rw" : "randread",
        "bs" : "4k",
        "numjobs" : "1",
        "iodepth" : "1",
        "randrepeat" : "0"
      },
      "read" : {
        "io_bytes" : 59584790528,
        "io_kbytes" : 58188272,
        "bw_bytes" : 1986093481,
        "bw" : 1939544,
        "iops" : 484886.103797,
        "runtime" : 30001,
        "total_ios" : 14547068,
        "short_ios" : 0,
        "drop_ios" : 0,
        "slat_ns" : {
          "min" : 720,
          "max" : 372291,
          "mean" : 1526.182760,
          "stddev" : 737.312695,
          "N" : 14547068
        },
        "clat_ns" : {
          "min" : 300,
          "max" : 45291,
          "mean" : 332.064626,
          "stddev" : 60.568978,
          "N" : 14547068,
          "percentile" : {
            "1.000000" : 310,
            "5.000000" : 322,
            "10.000000" : 322,
            "20.000000" : 322,
            "30.000000" : 322,
            "40.000000" : 330,
            "50.000000" : 330,
            "60.000000" : 330,
            "70.000000" : 342,
            "80.000000" : 342,
            "90.000000" : 350,
            "95.000000" : 350,
            "99.000000" : 370,
            "99.500000" : 370,
            "99.900000" : 450,
            "99.950000" : 652,
            "99.990000" : 764
          }
        },
        "lat_ns" : {
          "min" : 1040,
          "max" : 372841,
          "mean" : 1858.247386,
          "stddev" : 746.761935,
          "N" : 14547068
        },
        "bw_min" : 892736,
        "bw_max" : 2459312,
        "bw_agg" : 100.000000,
        "bw_mean" : 2000715.508772,
        "bw_dev" : 391753.248429,
        "bw_samples" : 57,
        "iops_min" : 223184,
        "iops_max" : 614828,
        "iops_mean" : 500178.947368,
        "iops_stddev" : 97938.267229,
        "iops_samples" : 57
      },
      "write" : {
        "io_bytes" : 0,
        "io_kbytes" : 0,
        "bw_bytes" : 0,
        "bw" : 0,
        "iops" : 0.000000,
        "runtime" : 0,
        "total_ios" : 0,
        "short_ios" : 0,
        "drop_ios" : 0,
        "slat_ns" : {
          "min" : 0,
          "max" : 0,
          "mean" : 0.000000,
          "stddev" : 0.000000,
          "N" : 0
        },
        "clat_ns" : {
          "min" : 0,
          "max" : 0,
          "mean" : 0.000000,
          "stddev" : 0.000000,
          "N" : 0
        },
        "lat_ns" : {
          "min" : 0,
          "max" : 0,
          "mean" : 0.000000,
          "stddev" : 0.000000,
          "N" : 0
        },
        "bw_min" : 0,
        "bw_max" : 0,
        "bw_agg" : 0.000000,
        "bw_mean" : 0.000000,
        "bw_dev" : 0.000000,
        "bw_samples" : 0,
        "iops_min" : 0,
        "iops_max" : 0,
        "iops_mean" : 0.000000,
        "iops_stddev" : 0.000000,
        "iops_samples" : 0
      },
      "trim" : {
        "io_bytes" : 0,
        "io_kbytes" : 0,
        "bw_bytes" : 0,
        "bw" : 0,
        "iops" : 0.000000,
        "runtime" : 0,
        "total_ios" : 0,
        "short_ios" : 0,
        "drop_ios" : 0,
        "slat_ns" : {
          "min" : 0,
          "max" : 0,
          "mean" : 0.000000,
          "stddev" : 0.000000,
          "N" : 0
        },
        "clat_ns" : {
          "min" : 0,
          "max" : 0,
          "mean" : 0.000000,
          "stddev" : 0.000000,
          "N" : 0
        },
        "lat_ns" : {
          "min" : 0,
          "max" : 0,
          "mean" : 0.000000,
          "stddev" : 0.000000,
          "N" : 0
        },
        "bw_min" : 0,
        "bw_max" : 0,
        "bw_agg" : 0.000000,
        "bw_mean" : 0.000000,
        "bw_dev" : 0.000000,
        "bw_samples" : 0,
        "iops_min" : 0,
        "iops_max" : 0,
        "iops_mean" : 0.000000,
        "iops_stddev" : 0.000000,
        "iops_samples" : 0
      },
      "sync" : {
        "total_ios" : 0,
        "lat_ns" : {
          "min" : 0,
          "max" : 0,
          "mean" : 0.000000,
          "stddev" : 0.000000,
          "N" : 0
        }
      },
      "job_runtime" : 30000,
      "usr_cpu" : 16.936667,
      "sys_cpu" : 83.013333,
      "ctx" : 186,
      "majf" : 0,
      "minf" : 10,
      "iodepth_level" : {
        "1" : 100.000000,
        "2" : 0.000000,
        "4" : 0.000000,
        "8" : 0.000000,
        "16" : 0.000000,
        "32" : 0.000000,
        ">=64" : 0.000000
      },
      "iodepth_submit" : {
        "0" : 0.000000,
        "4" : 100.000000,
        "8" : 0.000000,
        "16" : 0.000000,
        "32" : 0.000000,
        "64" : 0.000000,
        ">=64" : 0.000000
      },
      "iodepth_complete" : {
        "0" : 0.000000,
        "4" : 100.000000,
        "8" : 0.000000,
        "16" : 0.000000,
        "32" : 0.000000,
        "64" : 0.000000,
        ">=64" : 0.000000
      },
      "latency_ns" : {
        "2" : 0.000000,
        "4" : 0.000000,
        "10" : 0.000000,
        "20" : 0.000000,
        "50" : 0.000000,
        "100" : 0.000000,
        "250" : 0.000000,
        "500" : 99.913776,
        "750" : 0.075995,
        "1000" : 0.010000
      },
      "latency_us" : {
        "2" : 0.010000,
        "4" : 0.010000,
        "10" : 0.010000,
        "20" : 0.010000,
        "50" : 0.010000,
        "100" : 0.000000,
        "250" : 0.000000,
        "500" : 0.000000,
        "750" : 0.000000,
        "1000" : 0.000000
      },
      "latency_ms" : {
        "2" : 0.000000,
        "4" : 0.000000,
        "10" : 0.000000,
        "20" : 0.000000,
        "50" : 0.000000,
        "100" : 0.000000,
        "250" : 0.000000,
        "500" : 0.000000,
        "750" : 0.000000,
        "1000" : 0.000000,
        "2000" : 0.000000,
        ">=2000" : 0.000000
      },
      "latency_depth" : 1,
      "latency_target" : 0,
      "latency_percentile" : 100.000000,
      "latency_window" : 0
    }
  ],
  "disk_util" : [
    {
      "name" : "nvme0n1",
      "read_ios" : 120,
      "write_ios" : 3,
      "read_merges" : 0,
      "write_merges" : 0,
      "read_ticks" : 124,
      "write_ticks" : 27,
      "in_queue" : 152,
      "util" : 0.506836
    }
  ]
}
